price,link,listing
$,https://portland.craigslist.org/mlt/rvs/6172215188.html,2007 Winnebago 36G Motorhome
8,https://portland.craigslist.org/mlt/rvs/6172214810.html,2007 Winnebago 36G Motorhome
9,https://portland.craigslist.org/mlt/rvs/6180338551.html,2007 Winnebago 36G Motorhome
9,https://portland.craigslist.org/wsc/rvs/6186694572.html,Clean class C!!!
9,https://portland.craigslist.org/clc/rvs/6154175862.html,Camper/Truck F450 2008 Lariat diesel and 2012 Cab over Chalet camper
5,https://portland.craigslist.org/mlt/rvd/6186677584.html,2005 Coachmen Freedom Ramp & Camp 30' Class C Toy Hauler
$,https://portland.craigslist.org/mlt/rvs/6185924733.html,Reduced price Bounder
4,https://portland.craigslist.org/clk/rvs/6185924654.html,Short Box Camper shell  SALE PENDING
7,https://portland.craigslist.org/wsc/rvs/6182604587.html,28' Fleetwood Terry
5,https://portland.craigslist.org/clk/rvs/6169159936.html,trailer 29SK
0,https://portland.craigslist.org/clc/rvs/6177351789.html,14x16 wall tent with 10'x5' cargo trailer
0,https://portland.craigslist.org/clc/rvs/6185899989.html,1996 WINNEBAGO ADVENTURER 34 Class A
$,https://portland.craigslist.org/wsc/rvd/6185300943.html,2013 Cedar Creek SILVERBACK 33REA 3 Slides AMAZING Layout! 2 Fireplace
3,https://portland.craigslist.org/wsc/rvd/6185299944.html,2011 Trail Cruiser 26ft 1 Slide Rear Kitchen! Beautiful Inside!
9,https://portland.craigslist.org/wsc/rvd/6185298938.html,2016 Sundance XLT 278TS 3 Slides! Island Kitchen! STUNNING!
9,https://portland.craigslist.org/clc/rvs/6162647280.html,Propane powered generator with 33 hours out of 2000 Arctic Fox camper.
7,https://portland.craigslist.org/mlt/rvd/6185295350.html,"2003 National Tradewinds LTC, 40' Diesel, Loaded, Clean!"
5,https://portland.craigslist.org/mlt/rvs/6185215579.html,2011  coachman class C  20 1QB motorhome
$,https://portland.craigslist.org/clc/rvs/6184436595.html,91 Coleman Tent Trailer 1 owner super clean used little
2,https://portland.craigslist.org/wsc/rvs/6184433017.html,1994 colmen tent trailer
5,https://portland.craigslist.org/clk/rvs/6184422717.html,Adco RV Cover
0,https://portland.craigslist.org/mlt/rvs/6184422184.html,16' Casita Spirit Deluxe
0,https://portland.craigslist.org/clc/rvs/6181422358.html,2005 37 FT FIFTHWHEEL IN LOW RENT PARK NEW PRICE 22500
$,https://portland.craigslist.org/mlt/rvs/6183859764.html,1976 AM General 35 FT Bus Conversion
7,https://portland.craigslist.org/clk/rvs/6142154517.html,24ft Winnebago Itasca Class A Motor Home
3,https://portland.craigslist.org/mlt/rvs/6183918772.html,2016 Colman Bunk House
0,https://portland.craigslist.org/wsc/rvs/6183909834.html,2017 Arctic Fox 1150 Truck Bed Camper
0,https://portland.craigslist.org/clk/rvs/6183901142.html,32 ft RV Trailer
$,https://portland.craigslist.org/mlt/rvs/6144150952.html,Toy Hauler-Keystone-Fusion FZ412
4,https://portland.craigslist.org/clk/rvd/6181387665.html,2006 40' REVOLUTION 400-HP 3 SLIDES 45K MILES ON SALE NOW!
5,https://portland.craigslist.org/grg/rvs/6163798315.html,2006 Itasca Navion-23H Diesel
0,https://portland.craigslist.org/wsc/rvs/6183289812.html,1996 Country Coach Diesel Pusher
0,https://portland.craigslist.org/wsc/rvd/6183275897.html,New 2017 Chalet Arrowhead w/ Sofa
0,https://portland.craigslist.org/wsc/rvd/6183274074.html,New 2017 Rockwood Viking V12RBHW Folding Camp Trailer
$,https://portland.craigslist.org/clk/rvs/6182296545.html,2016 Sonic 23 foot Travel Trailer
1,https://portland.craigslist.org/mlt/rvs/6154958473.html,1993 Van Hool T-845 Coach Bus
4,https://portland.craigslist.org/clk/rvs/6175624338.html,"2010 23 Foot Jayco Jay Flight G2FB Travel Trailer - 13,500"
9,https://portland.craigslist.org/clk/rvs/6182278196.html,Bigfoot Cabover camper c9.5 dlx
9,https://portland.craigslist.org/mlt/rvs/6174085599.html,Live-Drive-Love: 1981 Chevy G30 Camper Van
5,https://portland.craigslist.org/mlt/rvs/6182263088.html,2014 Tiffin Allegro
$,https://portland.craigslist.org/wsc/rvs/6181230101.html,22' Prowler bumper pull
8,https://portland.craigslist.org/clc/rvs/6181226588.html,2001 35' Winnebago Adventure
7,https://portland.craigslist.org/mlt/rvs/6166768414.html,1993 Fleetwood Flair Motorhome
5,https://portland.craigslist.org/mlt/rvd/6181220040.html,1997 Airstream 31 Land Yacht
0,https://portland.craigslist.org/nco/rvs/6146767183.html,2011 Jayco Eagle Superlite 26.5 RLS 5th Wheel Trailor
$,https://portland.craigslist.org/nco/rvs/6180731954.html,2001 Southwind 35R Motorhome - 2 slides
2,https://portland.craigslist.org/mlt/rvs/6180678189.html,Tiny Home on the Water
5,https://portland.craigslist.org/clc/rvd/6180726227.html,2013 SALEM CRUISE LITE 18BHXL DOUBLE BUNKS TRAVEL TRAILER
9,https://portland.craigslist.org/wsc/rvs/6177003536.html,Monaco Dynasty Count III
0,https://portland.craigslist.org/mlt/rvs/6180681251.html,Tiny Home on the Water $42k
0,https://portland.craigslist.org/yam/rvs/6180718155.html,1996 Lance truck camper
$,https://portland.craigslist.org/mlt/rvs/6179696513.html,1993 Coachmen pop-up camper Parts/Propane Heater/Power Converter
1,https://portland.craigslist.org/clk/rvs/6160097757.html,Honda 7000 0-hours generator
6,https://portland.craigslist.org/mlt/rvd/6179753036.html,2000 Coachmen Santara 37 Ft. Class A Mh 3600mbs w/ One Slide
0,https://portland.craigslist.org/mlt/rvd/6179750721.html,2016 Coachmen Prism Class B+
$,https://portland.craigslist.org/clc/rvd/6178704520.html,*** ONLINE RV SHOW *** 2008 MONACO EXECUTIVE 525 HP CUMMINS ***1 OWNER
2,https://portland.craigslist.org/clc/rvs/6170830011.html,2001 35' Winnebago Adventure
0,https://portland.craigslist.org/mlt/rvs/6178698293.html,2001 35' Winnebago Adventure
9,https://portland.craigslist.org/mlt/rvs/6170763280.html,B&W COMPANION 5th wheel hitch $795.00
9,https://portland.craigslist.org/yam/rvs/6178689047.html,"2000 National Seaview, 49k miles, lots of new stuff and upgrades"
0,https://portland.craigslist.org/mlt/rvs/6178687673.html,We've Got a Dodge Roadtrek 190 Popular ('03) With Central Kitchen Are
0,https://portland.craigslist.org/mlt/rvs/6178687087.html,Safari Trek RV
$,https://portland.craigslist.org/mlt/rvd/6176964448.html,2007 Fleetwood Arcadia Hi-Wall Tent Trailer w/ Slide and Bathroom
8,https://portland.craigslist.org/mlt/rvd/6176960389.html,1998 Roadtrek Versatile 190 Class B Van Dodge V8 w/ 79K Miles
9,https://portland.craigslist.org/mlt/rvd/6176948868.html,1996 Fleetwood Mallard 26M Pull Trailer
9,https://portland.craigslist.org/mlt/rvd/6176943256.html,1996 Kit Companion 22' Fifth Wheel *Immaculate Shape* LIGHT WEIGHT
5,https://portland.craigslist.org/clk/rvs/6176924086.html,"2010 Coleman Bayside CP Tent Trailer w/Cassett Potty, Awning +"
$,https://portland.craigslist.org/clk/rvd/6172465137.html,2005 COUNTRY COACH MAGNA LUXURY DIESEL ONLY 39K MILES LIKE NEW!
1,https://portland.craigslist.org/clk/rvd/6172225564.html,2017 FOREST RIVER SURVEYOR COUPLES COACH 251RKS
7,https://portland.craigslist.org/clk/rvd/6172131382.html,2017 FOREST RIVER WILDWOOD LODGE 4092BFL
9,https://portland.craigslist.org/clk/rvd/6172129679.html,2015 Keystone Hideout 19FLBWE
9,https://portland.craigslist.org/mlt/rvd/6171667920.html,Used 2006 Forest River Wildcat 24RL ~ LIKE NEW!!!
5,https://portland.craigslist.org/mlt/rvd/6171469272.html,RV Carpet cleaning and upholstery specialist
0,https://portland.craigslist.org/clk/rvd/6171405897.html,2008 NEWMAR DUTCH STAR 425-HP DIESEL WARRANTY & SUPER CLEAN
$,https://portland.craigslist.org/clc/rvd/6168474031.html,New 2017 *Coachmen* *Clipper* *Ultra-Lite* *17FB* ðŸš™ We Price Match
1,https://portland.craigslist.org/clk/rvd/6168467422.html,2017 FOREST RIVER SURVEYOR COUPLES COACH 285IKDS
5,https://portland.craigslist.org/clc/rvd/6168405020.html,New 2017 *Keystone* *RV* *Sprinter* *Wide* *Body* *316BIK* ðŸš™ We Pric
3,https://portland.craigslist.org/clc/rvd/6168400092.html,2007 Heartland Bighorn 3055RL 5th Wheel - 3 Slide - 35' --
9,https://portland.craigslist.org/clk/rvd/6168394450.html,2017 FOREST RIVER WILDCAT MAXX T255RLX
0,https://portland.craigslist.org/clc/rvd/6168325027.html,New 2017 *Keystone* *RV* *Sprinter* *Wide* *Body* *293FWBHS* ðŸš™ We Pr
$,https://portland.craigslist.org/clc/rvd/6163325027.html,1987 Fleetwood Bounder Motorhome
6,https://portland.craigslist.org/clk/rvd/6163241271.html,2009 HR IMPERIAL DELUXE DIESEL 500-HP ONLY 32K MI IMMACULATE COACH
5,https://portland.craigslist.org/clk/rvd/6163201702.html,2006 COACHMAN CONCORD
0,https://portland.craigslist.org/clk/rvd/6163164614.html,2016 COACHMEN PRISM
0,https://portland.craigslist.org/mlt/rvd/6163154274.html,2009 Georgetown 35' Triple Slide  Bunk House
$,https://portland.craigslist.org/clc/rvd/6159322814.html,Very Clean 5th Wheel Truck combo.
8,https://portland.craigslist.org/mlt/rvd/6159321759.html,1998 Damon Daybreak Class A
8,https://portland.craigslist.org/clc/rvd/6159321258.html,New 2016 *Keystone* *RV* *Sprinter* *Wide* *Body* *319MKS* ðŸš™ We Pric
7,https://portland.craigslist.org/mlt/rvd/6159309808.html,2004 Forest River Sierra Sport T185fp 19.5ft Toy Hauler Travel Trailer
4,https://portland.craigslist.org/mlt/rvd/6159301518.html,2010 Winnebago Via Class A
7,https://portland.craigslist.org/mlt/rvd/6159283688.html,2004 Coachmen Concord 235 S0 24 Ft. Motor Home 1 Slide Low Miles
$,https://portland.craigslist.org/nco/rvd/6154733910.html,2014 Thor Windsport 32A Double Slide-Out Class A Gas Motorhome (#4171)
7,https://portland.craigslist.org/clc/rvd/6154707572.html,New 2017 *Forest* *River* *Vengeance* *23FB13* ðŸš™ We Price Match
4,https://portland.craigslist.org/nco/rvd/6154676804.html,MOBILE SUITE AIR NOBODY SELLS MOBILE SUITE FOR LESS NOBODY
9,https://portland.craigslist.org/nco/rvd/6154671955.html,MOBILE SUITE AIR NOBODY SELLS MOBILE SUITE FOR LESS NOBODY
0,https://portland.craigslist.org/mlt/rvd/6154630343.html,2007 Itasca Sunrise SUNRISE
0,https://portland.craigslist.org/clc/rvd/6154627697.html,2016 Forest River Georgetown 329DS Double Slide-Out Class A MH (#4167)
$,https://portland.craigslist.org/clc/rvd/6150271464.html,2012 Dutchmen 814RB 17' Ultra Lite Travel Trailer
9,https://portland.craigslist.org/mlt/rvd/6150261243.html,2003 Safari Trek 26ft Class A Mh Low Miles
4,https://portland.craigslist.org/clc/rvd/6150256605.html,2011 224RB Tango Travel Trailer (24 ft)
9,https://portland.craigslist.org/mlt/rvd/6150234149.html,2007 Winnebago Outlook Class C 31ft 1 Slide Low Miles
9,https://portland.craigslist.org/clc/rvd/6150209460.html,New 2016 *Coachmen* *Clipper* *Ultra-Lite* *14R* ðŸš™ We Price Match
$,https://portland.craigslist.org/clk/rvd/6144581231.html,2018 Gulf Stream Vintage Cruiser
2,https://portland.craigslist.org/clc/rvd/6144579540.html,2006 ITASCA 36G Diesel Pusher (5955)
3,https://portland.craigslist.org/mlt/rvd/6144575735.html,2017 Little Guy T@B CS/S (5493)
7,https://portland.craigslist.org/clc/rvd/6144573547.html,2017 Little Guy Serro Scotty 168BHR (5619)
5,https://portland.craigslist.org/mlt/rvd/6144565553.html,2001 KOMFORT 23TS USED 25ft FIFTH WHEEL WHEELS RVs  01
0,https://portland.craigslist.org/mlt/rvd/6144563724.html,00 Allegro 26
